{"x":[[-0.45477411509767074,1.4605006733703385],[-0.45477411509772697,1.4605006733703245],[-0.363819292078067,1.1684005386963188],[1.160240861213476,-0.9977063827409087],[0.45477411509767074,-1.4605006733703385]],"y":[[-2.5,-2.5,null,1.75,2.5],[-2.5,null,-2,2.75,2.5],[2.5,null,2,-2.25,-2.5],[2.5,2.5,null,-2.25,-2.5]],"theta":[[0.04965356704238824,-1.6962805208913911],[1.2267158512078766,-1.329764114253306],[-0.6381847091251769,1.5130223175723172],[-0.6381847091251734,1.5130223175723212]],"means":[2.5,2.5,2,2.25,2.5],"predictions":[[-2.50000000000001,-2.4999999999999893,-2.000000000000086,1.749999999999996,2.50000000000001],[-2.5000000000000133,-2.5000000000000635,-1.9999999999999891,2.7499999999999836,2.5000000000000133],[2.4999999999999862,2.500000000000001,2.000000000000017,-2.2500000000000098,-2.4999999999999862],[2.4999999999999907,2.500000000000005,2.0000000000000204,-2.2500000000000098,-2.4999999999999907]]}